,DP pre,DP pre err,DP dbn,DP dbn err,DP pos,DP pos err,CD4 spl,CD4 spl err,CD4 negS,CD4 negS err,CD8 spl,CD8 spl err,CD8 negS,CD8 negS err,gen
G,0.1392995887701806,0.0007135839296681,0.1428439091652449,0.0018867828320634,0.1305025051136034,0.0005789050288739,0.1330291418186708,0.0007108891478634,0.1354439254801549,0.0020091326032446,0.1267392511064225,0.0007748611870631,0.1266984419742122,0.0005877321415789,0.1341795197852782
L,0.1084609401163495,0.0002398109577126,0.10844726873317,0.0007492076092365,0.1048739221739778,0.0007083046902796,0.1037873321093697,0.0006543680794475,0.105316915491232,0.000818886595089,0.1068695956625863,0.0007289078022189,0.1040866261965783,0.0017876953408666,0.1064924867714936
N,0.1031247223873747,0.0020950580276864,0.0995430536693697,0.0054411101765245,0.1007183036979984,0.0017220144399926,0.1096635416436877,0.0005752424215812,0.1057107709245354,0.0012451862305685,0.0975227008109499,0.0008306839853972,0.0991800337158914,0.0014129888452042,0.1050647621997094
S,0.1023790208752622,0.0004062330989396,0.1024905798315023,0.001418195681342,0.1011256613140371,0.0005683047703701,0.1047463582816741,0.0021946699683651,0.1007898555047443,0.0029785008112316,0.1028278888112227,0.001301048693556,0.1018149011216278,0.0046409621678277,0.1035237956702156
T,0.0886160731628051,0.0002742065024513,0.088962181717937,0.0008015156201559,0.0815318917897201,0.0005677319016284,0.0835621580920962,0.0005595475548875,0.0793366192823894,0.0020314000519833,0.0817979890788385,0.0008989074946088,0.0807720691365067,0.0024533850534768,0.0844281359341444
A,0.0716812061929993,0.0011013735706296,0.0713220716463074,0.0022296005537501,0.0766618758625995,0.0004904177828698,0.0838603434535992,0.0010676381180895,0.0848714914778933,0.0018383361445033,0.0701531395223203,0.0009369612115219,0.071192853102257,0.0019579622224828,0.0696253474291416
K,0.0647666022061319,0.0006100555663125,0.0650929422084625,0.0008145521479623,0.0601539509286599,0.0006617625733669,0.0627896182660115,0.0003835557630255,0.060541453740447,0.0011271117787341,0.0567633233162411,0.0001811491145147,0.0578447556776588,0.0018947118015582,0.0619180121969721
V,0.0496673100492705,0.0013849092136333,0.0489150182823755,0.0024704625540741,0.0521472670490532,0.0008575871858113,0.0527952698544256,0.0001120567510472,0.0512162117440044,0.0019378273871142,0.0549666222920623,0.0002798063185752,0.0516672394839108,0.0002364352820022,0.0526862900589515
Y,0.0456918155608438,0.000674777490474,0.0436799259334438,0.0013638914835553,0.0551397989973178,0.0008234361238271,0.0499956021747293,7.139261061669539e-05,0.0512226319041968,0.0009006213044573,0.0581911672450073,0.0005284440259738,0.0584102325766946,0.0030679655430911,0.0479676666056661
R,0.0445548723847372,0.0005587436193613,0.0451587762828492,0.0003635473993844,0.0454715719409361,0.0003724882112247,0.0449889980796398,0.0005211774839308,0.04849985047027,0.0017457089445627,0.0404111811977943,0.0002896328835904,0.042804863866217,0.0028052819115657,0.0447740557044072
I,0.0387389489157027,0.0002941518404068,0.0376398615525603,0.0007507895773719,0.0423042336452906,0.0007582965401642,0.0428627565567455,0.0003913759539283,0.0445962426509646,0.0011190159957073,0.0456938884537136,0.0008163391830781,0.0451074554622984,0.0004457319804699,0.0420252792337085
D,0.0250706236519742,0.0004173646853522,0.0242246382076912,0.0005292943281553,0.0244395901328711,0.0003301037406972,0.0196517842566575,0.0004967782316353,0.0208832978540795,0.0003561583978256,0.0331405849092575,0.0005096640759275,0.033355595368287,0.000893039280249,0.0288516733689013
Q,0.0291479038829889,0.0003357035940888,0.0305295434244294,0.0009581442831668,0.033355806308834,0.0008937598374103,0.0298033193785941,0.0003537727918298,0.0313595011611078,0.0008323488514593,0.0358148985762739,0.0006350679483043,0.0348041845398233,0.0005918137549123,0.0281115339436511
E,0.0231920658554923,0.0007655714435952,0.024534272704411,0.001408772482885,0.0215557717205749,0.0008299943188097,0.0187874081343826,0.000568731048628,0.0181603887355584,0.0007687995660841,0.0229307761724455,0.0004821066211725,0.0254742772105721,0.0014899543148232,0.0224413026579013
P,0.0199640911684425,0.0002661005989252,0.0201113462108127,0.0004780489512236,0.0193920851785152,0.0002297176437491,0.0180281791313225,0.0003752721515793,0.0181688026936098,0.0005553257789856,0.0181253066026299,0.0004302982258698,0.0175343994226344,0.0012268192785772,0.0193759492225564
M,0.0179458982619307,0.0007045073596619,0.0187960910418115,0.0010128166247558,0.0192383352164319,0.000382002781342,0.0144692539943852,7.347515473053365e-05,0.0150481041779041,0.0001021688691817,0.0194525829878291,0.0003071200296926,0.0214932585179128,0.0017047249744802,0.0192257941405107
F,0.0156411997406162,0.0001867714411708,0.0152561579603672,0.0001302829253155,0.0145053392118223,0.0008494551793529,0.0141263063667077,0.0003129717524999,0.0136062639066726,0.0006235030694126,0.0136308377840433,0.000149733507007,0.0133405830158262,0.0002374869463575,0.0156089336017355
H,0.0057254940442426,0.000279940015707,0.0059873291909703,0.0005132453498692,0.0062982617342489,0.0002373633286604,0.0061558044532284,0.00043503040104,0.0079060071347037,0.000208719083035,0.0055128698083376,7.781146429245289e-05,0.00492097789863,0.0003796683360045,0.0068639641880129
W,0.0046738936679663,0.0004114183197567,0.0048888591311889,0.0007078506242323,0.0072841636259654,0.0006482710462723,0.0062217551037436,0.0002431426873951,0.0066692876595846,0.0003693069390795,0.0086591791715975,0.0004256760415265,0.0084512466893121,0.0014645881957473,0.0054271677466883
C,0.0016577291046879,3.5482111815650384e-05,0.0015761731050944,0.0002082295004897,0.0032996643575413,8.746372707749999e-05,0.000675068850328,7.189828035468843e-05,0.0006523780059465,0.0002442028440672,0.0007962164904259,7.766373687113449e-06,0.0010460050231483,0.0002503650986656,0.0014083295403533
